id;name;data;date
1;withdrawal;../fake-data/blob/hipster.txt;2020-08-24T09:10:33
2;digital Security;../fake-data/blob/hipster.txt;2020-08-24T09:40:30
3;Palladium Plastic;../fake-data/blob/hipster.txt;2020-08-24T21:26:53
4;navigate;../fake-data/blob/hipster.txt;2020-08-24T17:43:34
5;open-source redefine Somoni;../fake-data/blob/hipster.txt;2020-08-25T03:45:56
6;eco-centric;../fake-data/blob/hipster.txt;2020-08-24T18:58:05
7;matrix navigate;../fake-data/blob/hipster.txt;2020-08-25T02:29:15
8;action-items;../fake-data/blob/hipster.txt;2020-08-24T17:30:35
9;Producer brand Synergized;../fake-data/blob/hipster.txt;2020-08-25T04:13:09
10;Games Auto Loan Account Ergonomic;../fake-data/blob/hipster.txt;2020-08-24T23:24:22
